{
    "front_right_top": {
        "robotId_1": {
            "joint_states": {
                "joint_0": {
                    "position": -0.18001526641865873,
                    "velocity": 0.0015411842143867591,
                    "reaction_forces": [
                        0.0,
                        0.0,
                        0.0,
                        0.0,
                        0.0,
                        0.0
                    ],
                    "motor_torque": -500.00000000000006
                },
                "joint_1": {
                    "position": -0.13000011431707792,
                    "velocity": 0.00012446829199671568,
                    "reaction_forces": [
                        0.0,
                        0.0,
                        0.0,
                        0.0,
                        0.0,
                        0.0
                    ],
                    "motor_torque": -500.00000000000006
                },
                "joint_2": {
                    "position": 0.17000699889206253,
                    "velocity": -1.5284440728575066e-05,
                    "reaction_forces": [
                        0.0,
                        0.0,
                        0.0,
                        0.0,
                        0.0,
                        0.0
                    ],
                    "motor_torque": 800.0
                }
            },
            "robot_position": [
                0.18002090112666008,
                0.12999999233757456,
                0.20000236032011645
            ],
            "pipette_position": [
                0.253,
                0.2195,
                0.2895
            ]
        }
    },
    "back_right_top": {
        "robotId_1": {
            "joint_states": {
                "joint_0": {
                    "position": 0.2600540464589327,
                    "velocity": -0.003679663827119047,
                    "reaction_forces": [
                        0.0,
                        0.0,
                        0.0,
                        0.0,
                        0.0,
                        0.0
                    ],
                    "motor_torque": 500.00000000000006
                },
                "joint_1": {
                    "position": -0.129989405185402,
                    "velocity": 0.0002325970083711829,
                    "reaction_forces": [
                        0.0,
                        0.0,
                        0.0,
                        0.0,
                        0.0,
                        0.0
                    ],
                    "motor_torque": 0.001467453582456547
                },
                "joint_2": {
                    "position": 0.17000866286015878,
                    "velocity": -1.2834766123600792e-05,
                    "reaction_forces": [
                        0.0,
                        0.0,
                        0.0,
                        0.0,
                        0.0,
                        0.0
                    ],
                    "motor_torque": 148.77068168494154
                }
            },
            "robot_position": [
                -0.26005827029300876,
                0.12998898259422242,
                0.20000390114683794
            ],
            "pipette_position": [
                -0.1871,
                0.2195,
                0.2895
            ]
        }
    },
    "back_left_top": {
        "robotId_1": {
            "joint_states": {
                "joint_0": {
                    "position": 0.259900803956543,
                    "velocity": -0.00023797982224855088,
                    "reaction_forces": [
                        0.0,
                        0.0,
                        0.0,
                        0.0,
                        0.0,
                        0.0
                    ],
                    "motor_torque": -0.00025953853936968446
                },
                "joint_1": {
                    "position": 0.26000267361250345,
                    "velocity": -2.1353815555521444e-09,
                    "reaction_forces": [
                        0.0,
                        0.0,
                        0.0,
                        0.0,
                        0.0,
                        0.0
                    ],
                    "motor_torque": 500.00000000000006
                },
                "joint_2": {
                    "position": 0.1699945314813212,
                    "velocity": -5.331427978879363e-21,
                    "reaction_forces": [
                        0.0,
                        0.0,
                        0.0,
                        0.0,
                        0.0,
                        0.0
                    ],
                    "motor_torque": 122.63811195630028
                }
            },
            "robot_position": [
                -0.2599008039564811,
                -0.2600026672450657,
                0.19999438025078292
            ],
            "pipette_position": [
                -0.1869,
                -0.1705,
                0.2895
            ]
        }
    },
    "front_left_top": {
        "robotId_1": {
            "joint_states": {
                "joint_0": {
                    "position": -0.1800077138706806,
                    "velocity": 0.0013654601827065545,
                    "reaction_forces": [
                        0.0,
                        0.0,
                        0.0,
                        0.0,
                        0.0,
                        0.0
                    ],
                    "motor_torque": -500.00000000000006
                },
                "joint_1": {
                    "position": 0.2600072181606143,
                    "velocity": 0.00013548402839251662,
                    "reaction_forces": [
                        0.0,
                        0.0,
                        0.0,
                        0.0,
                        0.0,
                        0.0
                    ],
                    "motor_torque": 39.16773722548198
                },
                "joint_2": {
                    "position": 0.170010673811613,
                    "velocity": 8.87443628599068e-06,
                    "reaction_forces": [
                        0.0,
                        0.0,
                        0.0,
                        0.0,
                        0.0,
                        0.0
                    ],
                    "motor_torque": 177.58956256310555
                }
            },
            "robot_position": [
                0.18001445110021563,
                -0.2600042090117475,
                0.20000301608175972
            ],
            "pipette_position": [
                0.253,
                -0.1705,
                0.2895
            ]
        }
    },
    "front_left_bottom": {
        "robotId_1": {
            "joint_states": {
                "joint_0": {
                    "position": -0.17964282975002155,
                    "velocity": 0.0006198957386501178,
                    "reaction_forces": [
                        0.0,
                        0.0,
                        0.0,
                        0.0,
                        0.0,
                        0.0
                    ],
                    "motor_torque": 0.014706851351690697
                },
                "joint_1": {
                    "position": 0.2600076822748952,
                    "velocity": 8.155719031425918e-05,
                    "reaction_forces": [
                        0.0,
                        0.0,
                        0.0,
                        0.0,
                        0.0,
                        0.0
                    ],
                    "motor_torque": 19.568933668706112
                },
                "joint_2": {
                    "position": 0.04978751217010406,